product,units,price
black-widget,46,190.38
brass-doohickey,34,108.07
brass-widget,12,56.84
red-gadget,21,24.08
green-doohickey,53,94.61
black-thingamajig,28,19.46
white-widget,18,62.63
blue-gadget,3,63.41
black-gizmo,42,42.11
blue-gizmo,5,15.91
red-thingamajig,26,186.22
steel-gizmo,46,14.39
steel-doohickey,29,41.36
brass-gizmo,44,46.25
white-gadget,59,192.21
white-doohickey,37,193.24
red-gizmo,23,94.98
brass-gadget,46,21.40
oak-gizmo,19,62.71
steel-widget,3,64.21
white-gizmo,28,184.36
steel-gadget,55,64.59
oak-gadget,40,155.76
black-doohickey,3,195.91
green-gizmo,13,140.11
black-gadget,60,167.92
oak-widget,41,15.94
green-gadget,36,165.62
blue-doohickey,56,52.61
red-widget,13,109.36
blue-thingamajig,25,115.32
oak-thingamajig,3,105.38
green-widget,13,10.13
green-thingamajig,30,176.75
steel-thingamajig,52,160.83
brass-thingamajig,26,126.41
red-doohickey,45,23.76
oak-doohickey,27,44.80
blue-widget,56,80.22
white-thingamajig,32,67.85
